Workbook

Sheet Instructions
A1: RAG Evaluation Experiment - Instructions & Setup Guide
A2: Purpose
A3: Use this workbook to run the same 50 queries through three evaluation methods: DocMind cosine similarity, RAGAS, and LLM-as-judge. The Query Log is already pre-filled and color-coded by query type.
A4: Documents selected
A5: Doc A - Technical: 1706.03762v7.pdf, "Attention Is All You Need". Use this for Transformer architecture, attention, training, BLEU, and parsing questions.
A6: Doc B - Methodology / evaluation narrative: 2309.15217v2.pdf, "Ragas: Automated Evaluation of Retrieval Augmented Generation". Use this for RAGAS motivation, metrics, prompts, WikiEval, and comparison questions.
A7: Doc C - Factual / encyclopedic: Retrieval-augmented generation - Wikipedia.pdf. Use this for RAG definitions, process stages, limitations, chunking, hybrid search, and poisoning questions.
A8: Step 1 - Upload all 3 documents into DocMind
A9: 1. Start your backend from /backend with: source venv/bin/activate && uvicorn main:app --reload.
A10: 2. Start your frontend from /rag-frontend with: npm run dev.
A11: 3. In DocMind, upload all three PDFs above. Wait until each document is indexed and ChromaDB embeddings are generated.
A12: 4. If DocMind allows filtering by document, activate only the Doc Source shown in column C of Query Log. If not, run against all three documents and keep the retrieved context that DocMind shows.
... A28: Once columns G-L are filled for all 50 rows, Sheet 3 auto-calculates Tables II and III for the paper, plus cost comparison and failure mode counts.

Sheet Query Log
A1: RAG Evaluation Experiment - Query Log (50 Queries)
G2: Method A - Cosine Similarity | I2: Method B - RAGAS | K2: Method C - LLM-as-Judge
A3: # | B3: Query Type | C3: Doc Source | D3: Query Text | E3: Generated Answer (paste from DocMind) | F3: Retrieved Context (top-k chunks) | G3: Faithfulness (0-1) | H3: Relevance (0-1) | I3: Faithfulness (0-1) | J3: Answer Relevancy (0-1) | K3: Faithfulness (0-1) | L3: Relevance (0-1) | M3: Pass / Fail | N3: Notes / Failure Mode
A4: 1 | B4: Factual | C4: Doc A | D4: What network architecture does "Attention Is All You Need" introduce? | E4: The "Attention Is All You Need" paper introduces the Transformer network architecture, which is based solely on attention mechanisms, dispensing with recurrence and convolutions entirely [Source: 1706.03762v7.pdf, page 1]. | F4: [Chunk 1] 1706.03762v7.pdf, page 3 Figure 1: The Transformer - model architecture. The Transformer follows this overall architecture using stacked self-attention and point-wise, fully connected layers for both the encoder and decoder, shown in the left and right halves of Figure 1, respectively. 3.1 Encoder and Decoder Stacks Encoder: The encoder is composed of a stack of N = 6 identical layers. Each layer has two sub-layers. The first is a multi-head self-attention mechanism, and the second is a simple, position- wise fully connected feed-forward network. We employ a residual connection [11] around each of the two sub-layers, followed by layer normalization [1]. That is, the output of each sub-layer is LayerNorm(x + Sublayer(x)), where Sublayer(x) is the function implemented by the sub-layer itself. To facilitate these residual connections, all sub-layers in the model, as well as the embedding layers, produce outputs of dimension dmodel = 512. Decoder: The decoder is also composed of a stack of N = 6 identical layers. In addition to the two sub-layers in each encoder layer, the decoder inserts a third sub-layer, which performs multi-head [Chunk 2] 1706.03762v7.pdf, page 6 ability to learn such dependencies is the length of the paths forward and backward signals have to traverse in the network. The shorter these paths between any combination of positions in the input and output sequences, the easier it is to learn long-range dependencies [12]. Hence we also compare the maximum path length between any two input and output positions in networks composed of the different layer types. As noted in Table 1, a self-attention layer connects all positions with a constant number of sequentially executed operations, whereas a recurrent layer requires O(n) sequential operations. In terms of computational complexity, self-attention layers are faster than recurrent layers when the sequence 6 [Chunk 3] 1706.03762v7.pdf, page 14 The Law will never be perfect , but its application should be just - this is what we are missing , in my opinion . <EOS> <pad> The Law will never be perfect , but its application should be just - this is what we are missing , in my opinion . <EOS> <pad> The Law will never be perfect , but its application should be just - this is what we are missing , in my opinion . <EOS> <pad> The Law will never be perfect , but its application should be just - this is what we are missing , in my opinion . <EOS> <pad> Figure 4: Two attention heads, also in layer 5 of 6, apparently involved in anaphora resolution. Top: Full attentions for head 5. Bottom: Isolated attentions from just the word ‘its’ for attention heads 5 and 6. Note that the attentions are very sharp for this word. 14 [Chunk 4] 1706.03762v7.pdf, page 1 Provided proper attribution is provided, Google hereby grants permission to reproduce the tables and figures in this paper solely for use in journalistic or scholarly works. Attention Is All You Need Ashish Vaswani∗ Google Brain avaswani@google.com Noam Shazeer∗ Google Brain noam@google.com Niki Parmar∗ Google Research nikip@google.com Jakob Uszkoreit∗ Google Research usz@google.com Llion Jones∗ Google Research llion@google.com Aidan N. Gomez∗† University of Toronto aidan@cs.toronto.edu Łukasz Kaiser∗ Google Brain lukaszkaiser@google.com Illia Polosukhin∗‡ illia.polosukhin@gmail.com Abstract The dominant sequence transduction models are based on complex recurrent or convolutional neural networks that include an encoder and a decoder. The best performing models also connect the encoder and decoder through an attention mechanism. We propose a new simple network architecture, the Transformer, based solely on attention mechanisms, dispensing with recurrence and convolutions entirely. Experiments on two machine translation tasks show these models to be superior in quality while being more parallelizable and requiring significantly [Chunk 5] 1706.03762v7.pdf, page 6 because it may allow the model to extrapolate to sequence lengths longer than the ones encountered during training. 4 Why Self-Attention In this section we compare various aspects of self-attention layers to the recurrent and convolu- tional layers commonly used for mapping one variable-length sequence of symbol representations (x1, ..., xn) to another sequence of equal length (z1, ..., zn), with xi, zi ∈Rd, such as a hidden layer in a typical sequence transduction encoder or decoder. Motivating our use of self-attention we consider three desiderata. One is the total computational complexity per layer. Another is the amount of computation that can be parallelized, as measured by the minimum number of sequential operations required. The third is the path length between long-range dependencies in the network. Learning long-range dependencies is a key challenge in many sequence transduction tasks. One key factor affecting the ability to learn such dependencies is the length of the paths forward and backward signals have to traverse in the network. The shorter these paths between any combination of positions in the input | M4: Pass | N4: Automated run.
A5: 2 | B5: Factual | C5: Doc A | D5: Which recurrent or convolutional components does the Transformer dispense with? | E5: The Transformer dispenses with recurrence and convolutions entirely [Source: 1706.03762v7.pdf, page 1 and page 2]. | F5: [Chunk 1] 1706.03762v7.pdf, page 2 computation [32], while also improving model performance in case of the latter. The fundamental constraint of sequential computation, however, remains. Attention mechanisms have become an integral part of compelling sequence modeling and transduc- tion models in various tasks, allowing modeling of dependencies without regard to their distance in the input or output sequences [2, 19]. In all but a few cases [27], however, such attention mechanisms are used in conjunction with a recurrent network. In this work we propose the Transformer, a model architecture eschewing recurrence and instead relying entirely on an attention mechanism to draw global dependencies between input and output. The Transformer allows for significantly more parallelization and can reach a new state of the art in translation quality after being trained for as little as twelve hours on eight P100 GPUs. 2 Background The goal of reducing sequential computation also forms the foundation of the Extended Neural GPU [16], ByteNet [18] and ConvS2S [9], all of which use convolutional neural networks as basic building [Chunk 2] 1706.03762v7.pdf, page 8 6.2 Model Variations To evaluate the importance of different components of the Transformer, we varied our base model in different ways, measuring the change in performance on English-to-German translation on the 5We used values of 2.8, 3.7, 6.0 and 9.5 TFLOPS for K80, K40, M40 and P100, respectively. 8 [Chunk 3] 1706.03762v7.pdf, page 10 Our results in Table 4 show that despite the lack of task-specific tuning our model performs sur- prisingly well, yielding better results than all previously reported models with the exception of the Recurrent Neural Network Grammar [8]. In contrast to RNN sequence-to-sequence models [37], the Transformer outperforms the Berkeley- Parser [29] even when training only on the WSJ training set of 40K sentences. 7 Conclusion In this work, we presented the Transformer, the first sequence transduction model based entirely on attention, replacing the recurrent layers most commonly used in encoder-decoder architectures with multi-headed self-attention. For translation tasks, the Transformer can be trained significantly faster than architectures based on recurrent or convolutional layers. On both WMT 2014 English-to-German and WMT 2014 English-to-French translation tasks, we achieve a new state of the art. In the former task our best model outperforms even all previously reported ensembles. We are excited about the future of attention-based models and plan to apply them to other tasks. We plan to extend the Transformer to problems involving input and output modalities other than text and [Chunk 4] 1706.03762v7.pdf, page 1 Provided proper attribution is provided, Google hereby grants permission to reproduce the tables and figures in this paper solely for use in journalistic or scholarly works. Attention Is All You Need Ashish Vaswani∗ Google Brain avaswani@google.com Noam Shazeer∗ Google Brain noam@google.com Niki Parmar∗ Google Research nikip@google.com Jakob Uszkoreit∗ Google Research usz@google.com Llion Jones∗ Google Research llion@google.com Aidan N. Gomez∗† University of Toronto aidan@cs.toronto.edu Łukasz Kaiser∗ Google Brain lukaszkaiser@google.com Illia Polosukhin∗‡ illia.polosukhin@gmail.com Abstract The dominant sequence transduction models are based on complex recurrent or convolutional neural networks that include an encoder and a decoder. The best performing models also connect the encoder and decoder through an attention mechanism. We propose a new simple network architecture, the Transformer, based solely on attention mechanisms, dispensing with recurrence and convolutions entirely. Experiments on two machine translation tasks show these models to be superior in quality while being more parallelizable and requiring significantly [Chunk 5] 1706.03762v7.pdf, page 7 length n is smaller than the representation dimensionality d, which is most often the case with sentence representations used by state-of-the-art models in machine translations, such as word-piece [38] and byte-pair [31] representations. To improve computational performance for tasks involving very long sequences, self-attention could be restricted to considering only a neighborhood of size r in the input sequence centered around the respective output position. This would increase the maximum path length to O(n/r). We plan to investigate this approach further in future work. A single convolutional layer with kernel width k < n does not connect all pairs of input and output positions. Doing so requires a stack of O(n/k) convolutional layers in the case of contiguous kernels, or O(logk(n)) in the case of dilated convolutions [18], increasing the length of the longest paths between any two positions in the network. Convolutional layers are generally more expensive than recurrent layers, by a factor of k. Separable convolutions [6], however, decrease the complexity considerably, to O(k · n · d + n · d2). Even with k = n, however, the complexity of a separable | M5: Pass | N5: Automated run.
A6: 3 | B6: Factual | C6: Doc A | D6: What BLEU score did the Transformer big model achieve on WMT 2014 English-to-German? | E6: The Transformer (big) model achieved a BLEU score of 28.4 on the WMT 2014 English-to-German translation task [Source: 1706.03762v7.pdf, page 8, and also page 1]. | F6: [Chunk 1] 1706.03762v7.pdf, page 8 Pdrop = 0.1. Label Smoothing During training, we employed label smoothing of value ϵls = 0.1 [36]. This hurts perplexity, as the model learns to be more unsure, but improves accuracy and BLEU score. 6 Results 6.1 Machine Translation On the WMT 2014 English-to-German translation task, the big transformer model (Transformer (big) in Table 2) outperforms the best previously reported models (including ensembles) by more than 2.0 BLEU, establishing a new state-of-the-art BLEU score of 28.4. The configuration of this model is listed in the bottom line of Table 3. Training took 3.5 days on 8 P100 GPUs. Even our base model surpasses all previously published models and ensembles, at a fraction of the training cost of any of the competitive models. On the WMT 2014 English-to-French translation task, our big model achieves a BLEU score of 41.0, outperforming all of the previously published single models, at less than 1/4 the training cost of the previous state-of-the-art model. The Transformer (big) model trained for English-to-French used dropout rate Pdrop = 0.1, instead of 0.3. For the base models, we used a single model obtained by averaging the last 5 checkpoints, which [Chunk 2] 1706.03762v7.pdf, page 8 Table 2: The Transformer achieves better BLEU scores than previous state-of-the-art models on the English-to-German and English-to-French newstest2014 tests at a fraction of the training cost. Model BLEU Training Cost (FLOPs) EN-DE EN-FR EN-DE EN-FR ByteNet [18] 23.75 Deep-Att + PosUnk [39] 39.2 1.0 · 1020 GNMT + RL [38] 24.6 39.92 2.3 · 1019 1.4 · 1020 ConvS2S [9] 25.16 40.46 9.6 · 1018 1.5 · 1020 MoE [32] 26.03 40.56 2.0 · 1019 1.2 · 1020 Deep-Att + PosUnk Ensemble [39] 40.4 8.0 · 1020 GNMT + RL Ensemble [38] 26.30 41.16 1.8 · 1020 1.1 · 1021 ConvS2S Ensemble [9] 26.36 41.29 7.7 · 1019 1.2 · 1021 Transformer (base model) 27.3 38.1 3.3 · 1018 Transformer (big) 28.4 41.8 2.3 · 1019 Residual Dropout We apply dropout [33] to the output of each sub-layer, before it is added to the sub-layer input and normalized. In addition, we apply dropout to the sums of the embeddings and the positional encodings in both the encoder and decoder stacks. For the base model, we use a rate of Pdrop = 0.1. Label Smoothing During training, we employed label smoothing of value ϵls = 0.1 [36]. This hurts perplexity, as the model learns to be more unsure, but improves accuracy and BLEU score. 6 Results 6.1 [Chunk 3] 1706.03762v7.pdf, page 1 based solely on attention mechanisms, dispensing with recurrence and convolutions entirely. Experiments on two machine translation tasks show these models to be superior in quality while being more parallelizable and requiring significantly less time to train. Our model achieves 28.4 BLEU on the WMT 2014 English- to-German translation task, improving over the existing best results, including ensembles, by over 2 BLEU. On the WMT 2014 English-to-French translation task, our model establishes a new single-model state-of-the-art BLEU score of 41.8 after training for 3.5 days on eight GPUs, a small fraction of the training costs of the best models from the literature. We show that the Transformer generalizes well to other tasks by applying it successfully to English constituency parsing both with large and limited training data. ∗Equal contribution. Listing order is random. Jakob proposed replacing RNNs with self-attention and started the effort to evaluate this idea. Ashish, with Illia, designed and implemented the first Transformer models and has been crucially involved in every aspect of this work. Noam proposed scaled dot-product attention, multi-head [Chunk 4] 1706.03762v7.pdf, page 8 6.2 Model Variations To evaluate the importance of different components of the Transformer, we varied our base model in different ways, measuring the change in performance on English-to-German translation on the 5We used values of 2.8, 3.7, 6.0 and 9.5 TFLOPS for K80, K40, M40 and P100, respectively. 8 [Chunk 5] 1706.03762v7.pdf, page 8 previous state-of-the-art model. The Transformer (big) model trained for English-to-French used dropout rate Pdrop = 0.1, instead of 0.3. For the base models, we used a single model obtained by averaging the last 5 checkpoints, which were written at 10-minute intervals. For the big models, we averaged the last 20 checkpoints. We used beam search with a beam size of 4 and length penalty α = 0.6 [38]. These hyperparameters were chosen after experimentation on the development set. We set the maximum output length during inference to input length + 50, but terminate early when possible [38]. Table 2 summarizes our results and compares our translation quality and training costs to other model architectures from the literature. We estimate the number of floating point operations used to train a model by multiplying the training time, the number of GPUs used, and an estimate of the sustained single-precision floating-point capacity of each GPU 5. 6.2 Model Variations To evaluate the importance of different components of the Transformer, we varied our base model in different ways, measuring the change in performance on English-to-German translation on the | M6: Pass | N6: Automated run.
A7: 4 | B7: Factual | C7: Doc A | D7: How many identical layers are used in the Transformer encoder stack? | E7: The Transformer encoder stack is composed of a stack of N = 6 identical layers. [Source: 1706.03762v7.pdf, page 3] | F7: [Chunk 1] 1706.03762v7.pdf, page 3 Figure 1: The Transformer - model architecture. The Transformer follows this overall architecture using stacked self-attention and point-wise, fully connected layers for both the encoder and decoder, shown in the left and right halves of Figure 1, respectively. 3.1 Encoder and Decoder Stacks Encoder: The encoder is composed of a stack of N = 6 identical layers. Each layer has two sub-layers. The first is a multi-head self-attention mechanism, and the second is a simple, position- wise fully connected feed-forward network. We employ a residual connection [11] around each of the two sub-layers, followed by layer normalization [1]. That is, the output of each sub-layer is LayerNorm(x + Sublayer(x)), where Sublayer(x) is the function implemented by the sub-layer itself. To facilitate these residual connections, all sub-layers in the model, as well as the embedding layers, produce outputs of dimension dmodel = 512. Decoder: The decoder is also composed of a stack of N = 6 identical layers. In addition to the two sub-layers in each encoder layer, the decoder inserts a third sub-layer, which performs multi-head [Chunk 2] 1706.03762v7.pdf, page 3 layers, produce outputs of dimension dmodel = 512. Decoder: The decoder is also composed of a stack of N = 6 identical layers. In addition to the two sub-layers in each encoder layer, the decoder inserts a third sub-layer, which performs multi-head attention over the output of the encoder stack. Similar to the encoder, we employ residual connections around each of the sub-layers, followed by layer normalization. We also modify the self-attention sub-layer in the decoder stack to prevent positions from attending to subsequent positions. This masking, combined with fact that the output embeddings are offset by one position, ensures that the predictions for position i can depend only on the known outputs at positions less than i. 3.2 Attention An attention function can be described as mapping a query and a set of key-value pairs to an output, where the query, keys, values, and output are all vectors. The output is computed as a weighted sum 3 [Chunk 3] 1706.03762v7.pdf, page 5 output values. These are concatenated and once again projected, resulting in the final values, as depicted in Figure 2. Multi-head attention allows the model to jointly attend to information from different representation subspaces at different positions. With a single attention head, averaging inhibits this. MultiHead(Q, K, V ) = Concat(head1, ..., headh)W O where headi = Attention(QW Q i , KW K i , V W V i ) Where the projections are parameter matrices W Q i ∈Rdmodel×dk, W K i ∈Rdmodel×dk, W V i ∈Rdmodel×dv and W O ∈Rhdv×dmodel. In this work we employ h = 8 parallel attention layers, or heads. For each of these we use dk = dv = dmodel/h = 64. Due to the reduced dimension of each head, the total computational cost is similar to that of single-head attention with full dimensionality. 3.2.3 Applications of Attention in our Model The Transformer uses multi-head attention in three different ways: • In "encoder-decoder attention" layers, the queries come from the previous decoder layer, and the memory keys and values come from the output of the encoder. This allows every position in the decoder to attend over all positions in the input sequence. This mimics the [Chunk 4] 1706.03762v7.pdf, page 5 and the memory keys and values come from the output of the encoder. This allows every position in the decoder to attend over all positions in the input sequence. This mimics the typical encoder-decoder attention mechanisms in sequence-to-sequence models such as [38, 2, 9]. • The encoder contains self-attention layers. In a self-attention layer all of the keys, values and queries come from the same place, in this case, the output of the previous layer in the encoder. Each position in the encoder can attend to all positions in the previous layer of the encoder. • Similarly, self-attention layers in the decoder allow each position in the decoder to attend to all positions in the decoder up to and including that position. We need to prevent leftward information flow in the decoder to preserve the auto-regressive property. We implement this inside of scaled dot-product attention by masking out (setting to −∞) all values in the input of the softmax which correspond to illegal connections. See Figure 2. 3.3 Position-wise Feed-Forward Networks In addition to attention sub-layers, each of the layers in our encoder and decoder contains a fully [Chunk 5] 1706.03762v7.pdf, page 10 Our results in Table 4 show that despite the lack of task-specific tuning our model performs sur- prisingly well, yielding better results than all previously reported models with the exception of the Recurrent Neural Network Grammar [8]. In contrast to RNN sequence-to-sequence models [37], the Transformer outperforms the Berkeley- Parser [29] even when training only on the WSJ training set of 40K sentences. 7 Conclusion In this work, we presented the Transformer, the first sequence transduction model based entirely on attention, replacing the recurrent layers most commonly used in encoder-decoder architectures with multi-headed self-attention. For translation tasks, the Transformer can be trained significantly faster than architectures based on recurrent or convolutional layers. On both WMT 2014 English-to-German and WMT 2014 English-to-French translation tasks, we achieve a new state of the art. In the former task our best model outperforms even all previously reported ensembles. We are excited about the future of attention-based models and plan to apply them to other tasks. We plan to extend the Transformer to problems involving input and output modalities other than text and | M7: Pass | N7: Automated run.
A8: 5 | B8: Factual | C8: Doc A | D8: What are the two sub-layers in each Transformer encoder layer? | E8: The two sub-layers in each Transformer encoder layer are: 1. a multi-head self-attention mechanism, and 2. a simple, position-wise fully connected feed-forward network [Source: 1706.03762v7.pdf, page 3]. | F8: [Chunk 1] 1706.03762v7.pdf, page 3 Figure 1: The Transformer - model architecture. The Transformer follows this overall architecture using stacked self-attention and point-wise, fully connected layers for both the encoder and decoder, shown in the left and right halves of Figure 1, respectively. 3.1 Encoder and Decoder Stacks Encoder: The encoder is composed of a stack of N = 6 identical layers. Each layer has two sub-layers. The first is a multi-head self-attention mechanism, and the second is a simple, position- wise fully connected feed-forward network. We employ a residual connection [11] around each of the two sub-layers, followed by layer normalization [1]. That is, the output of each sub-layer is LayerNorm(x + Sublayer(x)), where Sublayer(x) is the function implemented by the sub-layer itself. To facilitate these residual connections, all sub-layers in the model, as well as the embedding layers, produce outputs of dimension dmodel = 512. Decoder: The decoder is also composed of a stack of N = 6 identical layers. In addition to the two sub-layers in each encoder layer, the decoder inserts a third sub-layer, which performs multi-head [Chunk 2] 1706.03762v7.pdf, page 3 layers, produce outputs of dimension dmodel = 512. Decoder: The decoder is also composed of a stack of N = 6 identical layers. In addition to the two sub-layers in each encoder layer, the decoder inserts a third sub-layer, which performs multi-head attention over the output of the encoder stack. Similar to the encoder, we employ residual connections around each of the sub-layers, followed by layer normalization. We also modify the self-attention sub-layer in the decoder stack to prevent positions from attending to subsequent positions. This masking, combined with fact that the output embeddings are offset by one position, ensures that the predictions for position i can depend only on the known outputs at positions less than i. 3.2 Attention An attention function can be described as mapping a query and a set of key-value pairs to an output, where the query, keys, values, and output are all vectors. The output is computed as a weighted sum 3 [Chunk 3] 1706.03762v7.pdf, page 5 of the softmax which correspond to illegal connections. See Figure 2. 3.3 Position-wise Feed-Forward Networks In addition to attention sub-layers, each of the layers in our encoder and decoder contains a fully connected feed-forward network, which is applied to each position separately and identically. This consists of two linear transformations with a ReLU activation in between. FFN(x) = max(0, xW1 + b1)W2 + b2 (2) While the linear transformations are the same across different positions, they use different parameters from layer to layer. Another way of describing this is as two convolutions with kernel size 1. The dimensionality of input and output is dmodel = 512, and the inner-layer has dimensionality dff = 2048. 3.4 Embeddings and Softmax Similarly to other sequence transduction models, we use learned embeddings to convert the input tokens and output tokens to vectors of dimension dmodel. We also use the usual learned linear transfor- mation and softmax function to convert the decoder output to predicted next-token probabilities. In our model, we share the same weight matrix between the two embedding layers and the pre-softmax [Chunk 4] 1706.03762v7.pdf, page 5 and the memory keys and values come from the output of the encoder. This allows every position in the decoder to attend over all positions in the input sequence. This mimics the typical encoder-decoder attention mechanisms in sequence-to-sequence models such as [38, 2, 9]. • The encoder contains self-attention layers. In a self-attention layer all of the keys, values and queries come from the same place, in this case, the output of the previous layer in the encoder. Each position in the encoder can attend to all positions in the previous layer of the encoder. • Similarly, self-attention layers in the decoder allow each position in the decoder to attend to all positions in the decoder up to and including that position. We need to prevent leftward information flow in the decoder to preserve the auto-regressive property. We implement this inside of scaled dot-product attention by masking out (setting to −∞) all values in the input of the softmax which correspond to illegal connections. See Figure 2. 3.3 Position-wise Feed-Forward Networks In addition to attention sub-layers, each of the layers in our encoder and decoder contains a fully [Chunk 5] 1706.03762v7.pdf, page 8 Table 2: The Transformer achieves better BLEU scores than previous state-of-the-art models on the English-to-German and English-to-French newstest2014 tests at a fraction of the training cost. Model BLEU Training Cost (FLOPs) EN-DE EN-FR EN-DE EN-FR ByteNet [18] 23.75 Deep-Att + PosUnk [39] 39.2 1.0 · 1020 GNMT + RL [38] 24.6 39.92 2.3 · 1019 1.4 · 1020 ConvS2S [9] 25.16 40.46 9.6 · 1018 1.5 · 1020 MoE [32] 26.03 40.56 2.0 · 1019 1.2 · 1020 Deep-Att + PosUnk Ensemble [39] 40.4 8.0 · 1020 GNMT + RL Ensemble [38] 26.30 41.16 1.8 · 1020 1.1 · 1021 ConvS2S Ensemble [9] 26.36 41.29 7.7 · 1019 1.2 · 1021 Transformer (base model) 27.3 38.1 3.3 · 1018 Transformer (big) 28.4 41.8 2.3 · 1019 Residual Dropout We apply dropout [33] to the output of each sub-layer, before it is added to the sub-layer input and normalized. In addition, we apply dropout to the sums of the embeddings and the positional encodings in both the encoder and decoder stacks. For the base model, we use a rate of Pdrop = 0.1. Label Smoothing During training, we employed label smoothing of value ϵls = 0.1 [36]. This hurts perplexity, as the model learns to be more unsure, but improves accuracy and BLEU score. 6 Results 6.1 | M8: Pass | N8: Automated run.
A9: 6 | B9: Factual | C9: Doc A | D9: What scaling factor is applied in scaled dot-product attention? | E9: The scaling factor applied in scaled dot-product attention is 1/√dk (Source: 1706.03762v7.pdf, page 4, equation (1)). | F9: [Chunk 1] 1706.03762v7.pdf, page 4 √dk )V (1) The two most commonly used attention functions are additive attention [2], and dot-product (multi- plicative) attention. Dot-product attention is identical to our algorithm, except for the scaling factor of 1 √dk . Additive attention computes the compatibility function using a feed-forward network with a single hidden layer. While the two are similar in theoretical complexity, dot-product attention is much faster and more space-efficient in practice, since it can be implemented using highly optimized matrix multiplication code. While for small values of dk the two mechanisms perform similarly, additive attention outperforms dot product attention without scaling for larger values of dk [3]. We suspect that for large values of dk, the dot products grow large in magnitude, pushing the softmax function into regions where it has extremely small gradients 4. To counteract this effect, we scale the dot products by 1 √dk . 3.2.2 Multi-Head Attention Instead of performing a single attention function with dmodel-dimensional keys, values and queries, we found it beneficial to linearly project the queries, keys and values h times with different, learned [Chunk 2] 1706.03762v7.pdf, page 4 Scaled Dot-Product Attention Multi-Head Attention Figure 2: (left) Scaled Dot-Product Attention. (right) Multi-Head Attention consists of several attention layers running in parallel. of the values, where the weight assigned to each value is computed by a compatibility function of the query with the corresponding key. 3.2.1 Scaled Dot-Product Attention We call our particular attention "Scaled Dot-Product Attention" (Figure 2). The input consists of queries and keys of dimension dk, and values of dimension dv. We compute the dot products of the query with all keys, divide each by √dk, and apply a softmax function to obtain the weights on the values. In practice, we compute the attention function on a set of queries simultaneously, packed together into a matrix Q. The keys and values are also packed together into matrices K and V . We compute the matrix of outputs as: Attention(Q, K, V ) = softmax(QKT √dk )V (1) The two most commonly used attention functions are additive attention [2], and dot-product (multi- plicative) attention. Dot-product attention is identical to our algorithm, except for the scaling factor of 1 [Chunk 3] 1706.03762v7.pdf, page 1 the effort to evaluate this idea. Ashish, with Illia, designed and implemented the first Transformer models and has been crucially involved in every aspect of this work. Noam proposed scaled dot-product attention, multi-head attention and the parameter-free position representation and became the other person involved in nearly every detail. Niki designed, implemented, tuned and evaluated countless model variants in our original codebase and tensor2tensor. Llion also experimented with novel model variants, was responsible for our initial codebase, and efficient inference and visualizations. Lukasz and Aidan spent countless long days designing various parts of and implementing tensor2tensor, replacing our earlier codebase, greatly improving results and massively accelerating our research. †Work performed while at Google Brain. ‡Work performed while at Google Research. 31st Conference on Neural Information Processing Systems (NIPS 2017), Long Beach, CA, USA. arXiv:1706.03762v7 [cs.CL] 2 Aug 2023 [Chunk 4] 1706.03762v7.pdf, page 4 1 √dk . 3.2.2 Multi-Head Attention Instead of performing a single attention function with dmodel-dimensional keys, values and queries, we found it beneficial to linearly project the queries, keys and values h times with different, learned linear projections to dk, dk and dv dimensions, respectively. On each of these projected versions of queries, keys and values we then perform the attention function in parallel, yielding dv-dimensional 4To illustrate why the dot products get large, assume that the components of q and k are independent random variables with mean 0 and variance 1. Then their dot product, q · k = Pdk i=1 qiki, has mean 0 and variance dk. 4 [Chunk 5] 1706.03762v7.pdf, page 5 and the memory keys and values come from the output of the encoder. This allows every position in the decoder to attend over all positions in the input sequence. This mimics the typical encoder-decoder attention mechanisms in sequence-to-sequence models such as [38, 2, 9]. • The encoder contains self-attention layers. In a self-attention layer all of the keys, values and queries come from the same place, in this case, the output of the previous layer in the encoder. Each position in the encoder can attend to all positions in the previous layer of the encoder. • Similarly, self-attention layers in the decoder allow each position in the decoder to attend to all positions in the decoder up to and including that position. We need to prevent leftward information flow in the decoder to preserve the auto-regressive property. We implement this inside of scaled dot-product attention by masking out (setting to −∞) all values in the input of the softmax which correspond to illegal connections. See Figure 2. 3.3 Position-wise Feed-Forward Networks In addition to attention sub-layers, each of the layers in our encoder and decoder contains a fully | M9: Pass | N9: Automated run.
A10: 7 | B10: Factual | C10: Doc A | D10: How many attention heads are used in the base Transformer model? | E10: The base Transformer model uses h = 8 parallel attention layers, or heads, as stated on [Source: 1706.03762v7.pdf, page 5]. This is also confirmed in Table 3 on [Source: 1706.03762v7.pdf, page 9], where the base model has h = 8. | F10: [Chunk 1] 1706.03762v7.pdf, page 5 output values. These are concatenated and once again projected, resulting in the final values, as depicted in Figure 2. Multi-head attention allows the model to jointly attend to information from different representation subspaces at different positions. With a single attention head, averaging inhibits this. MultiHead(Q, K, V ) = Concat(head1, ..., headh)W O where headi = Attention(QW Q i , KW K i , V W V i ) Where the projections are parameter matrices W Q i ∈Rdmodel×dk, W K i ∈Rdmodel×dk, W V i ∈Rdmodel×dv and W O ∈Rhdv×dmodel. In this work we employ h = 8 parallel attention layers, or heads. For each of these we use dk = dv = dmodel/h = 64. Due to the reduced dimension of each head, the total computational cost is similar to that of single-head attention with full dimensionality. 3.2.3 Applications of Attention in our Model The Transformer uses multi-head attention in three different ways: • In "encoder-decoder attention" layers, the queries come from the previous decoder layer, and the memory keys and values come from the output of the encoder. This allows every position in the decoder to attend over all positions in the input sequence. This mimics the [Chunk 2] 1706.03762v7.pdf, page 9 checkpoint averaging. We present these results in Table 3. In Table 3 rows (A), we vary the number of attention heads and the attention key and value dimensions, keeping the amount of computation constant, as described in Section 3.2.2. While single-head attention is 0.9 BLEU worse than the best setting, quality also drops off with too many heads. In Table 3 rows (B), we observe that reducing the attention key size dk hurts model quality. This suggests that determining compatibility is not easy and that a more sophisticated compatibility function than dot product may be beneficial. We further observe in rows (C) and (D) that, as expected, bigger models are better, and dropout is very helpful in avoiding over-fitting. In row (E) we replace our sinusoidal positional encoding with learned positional embeddings [9], and observe nearly identical results to the base model. 6.3 English Constituency Parsing To evaluate if the Transformer can generalize to other tasks we performed experiments on English constituency parsing. This task presents specific challenges: the output is subject to strong structural [Chunk 3] 1706.03762v7.pdf, page 8 6.2 Model Variations To evaluate the importance of different components of the Transformer, we varied our base model in different ways, measuring the change in performance on English-to-German translation on the 5We used values of 2.8, 3.7, 6.0 and 9.5 TFLOPS for K80, K40, M40 and P100, respectively. 8 [Chunk 4] 1706.03762v7.pdf, page 9 Table 3: Variations on the Transformer architecture. Unlisted values are identical to those of the base model. All metrics are on the English-to-German translation development set, newstest2013. Listed perplexities are per-wordpiece, according to our byte-pair encoding, and should not be compared to per-word perplexities. N dmodel dff h dk dv Pdrop ϵls train PPL BLEU params steps (dev) (dev) ×106 base 6 512 2048 8 64 64 0.1 0.1 100K 4.92 25.8 65 (A) 1 512 512 5.29 24.9 4 128 128 5.00 25.5 16 32 32 4.91 25.8 32 16 16 5.01 25.4 (B) 16 5.16 25.1 58 32 5.01 25.4 60 (C) 2 6.11 23.7 36 4 5.19 25.3 50 8 4.88 25.5 80 256 32 32 5.75 24.5 28 1024 128 128 4.66 26.0 168 1024 5.12 25.4 53 4096 4.75 26.2 90 (D) 0.0 5.77 24.6 0.2 4.95 25.5 0.0 4.67 25.3 0.2 5.47 25.7 (E) positional embedding instead of sinusoids 4.92 25.7 big 6 1024 4096 16 0.3 300K 4.33 26.4 213 development set, newstest2013. We used beam search as described in the previous section, but no checkpoint averaging. We present these results in Table 3. In Table 3 rows (A), we vary the number of attention heads and the attention key and value dimensions, [Chunk 5] 1706.03762v7.pdf, page 13 Attention Visualizations It is in this spirit that a majority of American governments have passed new laws since 2009 making the registration or voting process more difficult . <EOS> <pad> <pad> <pad> <pad> <pad> <pad> It is in this spirit that a majority of American governments have passed new laws since 2009 making the registration or voting process more difficult . <EOS> <pad> <pad> <pad> <pad> <pad> <pad> Figure 3: An example of the attention mechanism following long-distance dependencies in the encoder self-attention in layer 5 of 6. Many of the attention heads attend to a distant dependency of the verb ‘making’, completing the phrase ‘making...more difficult’. Attentions here shown only for the word ‘making’. Different colors represent different heads. Best viewed in color. 13 | M10: Pass | N10: Automated run.
A11: 8 | B11: Factual | C11: Doc A | D11: What optimizer and beta values are used during Transformer training? | E11: I don't have enough information to answer this. The provided context does not mention the optimizer or beta values used during Transformer training. It discusses other aspects such as model variations, label smoothing, and regularization, but does not provide information about the optimizer or beta values. [Source: 1706.03762v7.pdf, pages 7-8] | F11: [Chunk 1] 1706.03762v7.pdf, page 8 6.2 Model Variations To evaluate the importance of different components of the Transformer, we varied our base model in different ways, measuring the change in performance on English-to-German translation on the 5We used values of 2.8, 3.7, 6.0 and 9.5 TFLOPS for K80, K40, M40 and P100, respectively. 8 [Chunk 2] 1706.03762v7.pdf, page 8 previous state-of-the-art model. The Transformer (big) model trained for English-to-French used dropout rate Pdrop = 0.1, instead of 0.3. For the base models, we used a single model obtained by averaging the last 5 checkpoints, which were written at 10-minute intervals. For the big models, we averaged the last 20 checkpoints. We used beam search with a beam size of 4 and length penalty α = 0.6 [38]. These hyperparameters were chosen after experimentation on the development set. We set the maximum output length during inference to input length + 50, but terminate early when possible [38]. Table 2 summarizes our results and compares our translation quality and training costs to other model architectures from the literature. We estimate the number of floating point operations used to train a model by multiplying the training time, the number of GPUs used, and an estimate of the sustained single-precision floating-point capacity of each GPU 5. 6.2 Model Variations To evaluate the importance of different components of the Transformer, we varied our base model in different ways, measuring the change in performance on English-to-German translation on the [Chunk 3] 1706.03762v7.pdf, page 8 Pdrop = 0.1. Label Smoothing During training, we employed label smoothing of value ϵls = 0.1 [36]. This hurts perplexity, as the model learns to be more unsure, but improves accuracy and BLEU score. 6 Results 6.1 Machine Translation On the WMT 2014 English-to-German translation task, the big transformer model (Transformer (big) in Table 2) outperforms the best previously reported models (including ensembles) by more than 2.0 BLEU, establishing a new state-of-the-art BLEU score of 28.4. The configuration of this model is listed in the bottom line of Table 3. Training took 3.5 days on 8 P100 GPUs. Even our base model surpasses all previously published models and ensembles, at a fraction of the training cost of any of the competitive models. On the WMT 2014 English-to-French translation task, our big model achieves a BLEU score of 41.0, outperforming all of the previously published single models, at less than 1/4 the training cost of the previous state-of-the-art model. The Transformer (big) model trained for English-to-French used dropout rate Pdrop = 0.1, instead of 0.3. For the base models, we used a single model obtained by averaging the last 5 checkpoints, which [Chunk 4] 1706.03762v7.pdf, page 8 Table 2: The Transformer achieves better BLEU scores than previous state-of-the-art models on the English-to-German and English-to-French newstest2014 tests at a fraction of the training cost. Model BLEU Training Cost (FLOPs) EN-DE EN-FR EN-DE EN-FR ByteNet [18] 23.75 Deep-Att + PosUnk [39] 39.2 1.0 · 1020 GNMT + RL [38] 24.6 39.92 2.3 · 1019 1.4 · 1020 ConvS2S [9] 25.16 40.46 9.6 · 1018 1.5 · 1020 MoE [32] 26.03 40.56 2.0 · 1019 1.2 · 1020 Deep-Att + PosUnk Ensemble [39] 40.4 8.0 · 1020 GNMT + RL Ensemble [38] 26.30 41.16 1.8 · 1020 1.1 · 1021 ConvS2S Ensemble [9] 26.36 41.29 7.7 · 1019 1.2 · 1021 Transformer (base model) 27.3 38.1 3.3 · 1018 Transformer (big) 28.4 41.8 2.3 · 1019 Residual Dropout We apply dropout [33] to the output of each sub-layer, before it is added to the sub-layer input and normalized. In addition, we apply dropout to the sums of the embeddings and the positional encodings in both the encoder and decoder stacks. For the base model, we use a rate of Pdrop = 0.1. Label Smoothing During training, we employed label smoothing of value ϵls = 0.1 [36]. This hurts perplexity, as the model learns to be more unsure, but improves accuracy and BLEU score. 6 Results 6.1 [Chunk 5] 1706.03762v7.pdf, page 7 rate over the course of training, according to the formula: lrate = d−0.5 model · min(step_num−0.5, step_num · warmup_steps−1.5) (3) This corresponds to increasing the learning rate linearly for the first warmup_steps training steps, and decreasing it thereafter proportionally to the inverse square root of the step number. We used warmup_steps = 4000. 5.4 Regularization We employ three types of regularization during training: 7 | M11: Fail | N11: Automated run: answer said insufficient information.
A12: 9 | B12: Factual | C12: Doc A | D12: How many warmup steps are used in the Transformer learning-rate schedule? | E12: According to the context, specifically [Source: 1706.03762v7.pdf, page 7], "We used warmup_steps = 4000." | F12: [Chunk 1] 1706.03762v7.pdf, page 7 rate over the course of training, according to the formula: lrate = d−0.5 model · min(step_num−0.5, step_num · warmup_steps−1.5) (3) This corresponds to increasing the learning rate linearly for the first warmup_steps training steps, and decreasing it thereafter proportionally to the inverse square root of the step number. We used warmup_steps = 4000. 5.4 Regularization We employ three types of regularization during training: 7 [Chunk 2] 1706.03762v7.pdf, page 7 target vocabulary of about 37000 tokens. For English-French, we used the significantly larger WMT 2014 English-French dataset consisting of 36M sentences and split tokens into a 32000 word-piece vocabulary [38]. Sentence pairs were batched together by approximate sequence length. Each training batch contained a set of sentence pairs containing approximately 25000 source tokens and 25000 target tokens. 5.2 Hardware and Schedule We trained our models on one machine with 8 NVIDIA P100 GPUs. For our base models using the hyperparameters described throughout the paper, each training step took about 0.4 seconds. We trained the base models for a total of 100,000 steps or 12 hours. For our big models,(described on the bottom line of table 3), step time was 1.0 seconds. The big models were trained for 300,000 steps (3.5 days). 5.3 Optimizer We used the Adam optimizer [20] with β1 = 0.9, β2 = 0.98 and ϵ = 10−9. We varied the learning rate over the course of training, according to the formula: lrate = d−0.5 model · min(step_num−0.5, step_num · warmup_steps−1.5) (3) This corresponds to increasing the learning rate linearly for the first warmup_steps training steps, [Chunk 3] 1706.03762v7.pdf, page 8 previous state-of-the-art model. The Transformer (big) model trained for English-to-French used dropout rate Pdrop = 0.1, instead of 0.3. For the base models, we used a single model obtained by averaging the last 5 checkpoints, which were written at 10-minute intervals. For the big models, we averaged the last 20 checkpoints. We used beam search with a beam size of 4 and length penalty α = 0.6 [38]. These hyperparameters were chosen after experimentation on the development set. We set the maximum output length during inference to input length + 50, but terminate early when possible [38]. Table 2 summarizes our results and compares our translation quality and training costs to other model architectures from the literature. We estimate the number of floating point operations used to train a model by multiplying the training time, the number of GPUs used, and an estimate of the sustained single-precision floating-point capacity of each GPU 5. 6.2 Model Variations To evaluate the importance of different components of the Transformer, we varied our base model in different ways, measuring the change in performance on English-to-German translation on the [Chunk 4] 1706.03762v7.pdf, page 8 Pdrop = 0.1. Label Smoothing During training, we employed label smoothing of value ϵls = 0.1 [36]. This hurts perplexity, as the model learns to be more unsure, but improves accuracy and BLEU score. 6 Results 6.1 Machine Translation On the WMT 2014 English-to-German translation task, the big transformer model (Transformer (big) in Table 2) outperforms the best previously reported models (including ensembles) by more than 2.0 BLEU, establishing a new state-of-the-art BLEU score of 28.4. The configuration of this model is listed in the bottom line of Table 3. Training took 3.5 days on 8 P100 GPUs. Even our base model surpasses all previously published models and ensembles, at a fraction of the training cost of any of the competitive models. On the WMT 2014 English-to-French translation task, our big model achieves a BLEU score of 41.0, outperforming all of the previously published single models, at less than 1/4 the training cost of the previous state-of-the-art model. The Transformer (big) model trained for English-to-French used dropout rate Pdrop = 0.1, instead of 0.3. For the base models, we used a single model obtained by averaging the last 5 checkpoints, which [Chunk 5] 1706.03762v7.pdf, page 8 Table 2: The Transformer achieves better BLEU scores than previous state-of-the-art models on the English-to-German and English-to-French newstest2014 tests at a fraction of the training cost. Model BLEU Training Cost (FLOPs) EN-DE EN-FR EN-DE EN-FR ByteNet [18] 23.75 Deep-Att + PosUnk [39] 39.2 1.0 · 1020 GNMT + RL [38] 24.6 39.92 2.3 · 1019 1.4 · 1020 ConvS2S [9] 25.16 40.46 9.6 · 1018 1.5 · 1020 MoE [32] 26.03 40.56 2.0 · 1019 1.2 · 1020 Deep-Att + PosUnk Ensemble [39] 40.4 8.0 · 1020 GNMT + RL Ensemble [38] 26.30 41.16 1.8 · 1020 1.1 · 1021 ConvS2S Ensemble [9] 26.36 41.29 7.7 · 1019 1.2 · 1021 Transformer (base model) 27.3 38.1 3.3 · 1018 Transformer (big) 28.4 41.8 2.3 · 1019 Residual Dropout We apply dropout [33] to the output of each sub-layer, before it is added to the sub-layer input and normalized. In addition, we apply dropout to the sums of the embeddings and the positional encodings in both the encoder and decoder stacks. For the base model, we use a rate of Pdrop = 0.1. Label Smoothing During training, we employed label smoothing of value ϵls = 0.1 [36]. This hurts perplexity, as the model learns to be more unsure, but improves accuracy and BLEU score. 6 Results 6.1 | M12: Pass | N12: Automated run.
A13: 10 | B13: Factual | C13: Doc A | D13: What F1 score did the semi-supervised 4-layer Transformer achieve on WSJ Section 23 parsing? | E13: The semi-supervised 4-layer Transformer achieved an F1 score of 92.7 on WSJ Section 23 parsing. [Source: 1706.03762v7.pdf, page 10, Table 4] | F13: [Chunk 1] 1706.03762v7.pdf, page 10 Table 4: The Transformer generalizes well to English constituency parsing (Results are on Section 23 of WSJ) Parser Training WSJ 23 F1 Vinyals & Kaiser el al. (2014) [37] WSJ only, discriminative 88.3 Petrov et al. (2006) [29] WSJ only, discriminative 90.4 Zhu et al. (2013) [40] WSJ only, discriminative 90.4 Dyer et al. (2016) [8] WSJ only, discriminative 91.7 Transformer (4 layers) WSJ only, discriminative 91.3 Zhu et al. (2013) [40] semi-supervised 91.3 Huang & Harper (2009) [14] semi-supervised 91.3 McClosky et al. (2006) [26] semi-supervised 92.1 Vinyals & Kaiser el al. (2014) [37] semi-supervised 92.1 Transformer (4 layers) semi-supervised 92.7 Luong et al. (2015) [23] multi-task 93.0 Dyer et al. (2016) [8] generative 93.3 increased the maximum output length to input length + 300. We used a beam size of 21 and α = 0.3 for both WSJ only and the semi-supervised setting. Our results in Table 4 show that despite the lack of task-specific tuning our model performs sur- prisingly well, yielding better results than all previously reported models with the exception of the Recurrent Neural Network Grammar [8]. [Chunk 2] 1706.03762v7.pdf, page 9 6.3 English Constituency Parsing To evaluate if the Transformer can generalize to other tasks we performed experiments on English constituency parsing. This task presents specific challenges: the output is subject to strong structural constraints and is significantly longer than the input. Furthermore, RNN sequence-to-sequence models have not been able to attain state-of-the-art results in small-data regimes [37]. We trained a 4-layer transformer with dmodel = 1024 on the Wall Street Journal (WSJ) portion of the Penn Treebank [25], about 40K training sentences. We also trained it in a semi-supervised setting, using the larger high-confidence and BerkleyParser corpora from with approximately 17M sentences [37]. We used a vocabulary of 16K tokens for the WSJ only setting and a vocabulary of 32K tokens for the semi-supervised setting. We performed only a small number of experiments to select the dropout, both attention and residual (section 5.4), learning rates and beam size on the Section 22 development set, all other parameters remained unchanged from the English-to-German base translation model. During inference, we 9 [Chunk 3] 1706.03762v7.pdf, page 10, table 1 | Parser | Training | WSJ 23 F1 | | --- | --- | --- | | Vinyals & Kaiser el al. (2014) [37] Petrov et al. (2006) [29] Zhu et al. (2013) [40] Dyer et al. (2016) [8] | WSJ only, discriminative WSJ only, discriminative WSJ only, discriminative WSJ only, discriminative | 88.3 90.4 90.4 91.7 | | Transformer (4 layers) | WSJ only, discriminative | 91.3 | | Zhu et al. (2013) [40] Huang & Harper (2009) [14] McClosky et al. (2006) [26] Vinyals & Kaiser el al. (2014) [37] | semi-supervised semi-supervised semi-supervised semi-supervised | 91.3 91.3 92.1 92.1 | | Transformer (4 layers) | semi-supervised | 92.7 | | Luong et al. (2015) [23] Dyer et al. (2016) [8] | multi-task generative | 93.0 93.3 | [Chunk 4] 1706.03762v7.pdf, page 10 Our results in Table 4 show that despite the lack of task-specific tuning our model performs sur- prisingly well, yielding better results than all previously reported models with the exception of the Recurrent Neural Network Grammar [8]. In contrast to RNN sequence-to-sequence models [37], the Transformer outperforms the Berkeley- Parser [29] even when training only on the WSJ training set of 40K sentences. 7 Conclusion In this work, we presented the Transformer, the first sequence transduction model based entirely on attention, replacing the recurrent layers most commonly used in encoder-decoder architectures with multi-headed self-attention. For translation tasks, the Transformer can be trained significantly faster than architectures based on recurrent or convolutional layers. On both WMT 2014 English-to-German and WMT 2014 English-to-French translation tasks, we achieve a new state of the art. In the former task our best model outperforms even all previously reported ensembles. We are excited about the future of attention-based models and plan to apply them to other tasks. We plan to extend the Transformer to problems involving input and output modalities other than text and [Chunk 5] 1706.03762v7.pdf, page 8 Pdrop = 0.1. Label Smoothing During training, we employed label smoothing of value ϵls = 0.1 [36]. This hurts perplexity, as the model learns to be more unsure, but improves accuracy and BLEU score. 6 Results 6.1 Machine Translation On the WMT 2014 English-to-German translation task, the big transformer model (Transformer (big) in Table 2) outperforms the best previously reported models (including ensembles) by more than 2.0 BLEU, establishing a new state-of-the-art BLEU score of 28.4. The configuration of this model is listed in the bottom line of Table 3. Training took 3.5 days on 8 P100 GPUs. Even our base model surpasses all previously published models and ensembles, at a fraction of the training cost of any of the competitive models. On the WMT 2014 English-to-French translation task, our big model achieves a BLEU score of 41.0, outperforming all of the previously published single models, at less than 1/4 the training cost of the previous state-of-the-art model. The Transformer (big) model trained for English-to-French used dropout rate Pdrop = 0.1, instead of 0.3. For the base models, we used a single model obtained by averaging the last 5 checkpoints, which | M13: Pass | N13: Automated run.
A14: 11 | B14: Factual | C14: Doc B | D14: What does RAGAS stand for? | E14: RAGAS stands for Retrieval Augmented Generation Assessment. [Source: 2309.15217v2.pdf, page 1] | F14: [Chunk 1] 2309.15217v2.pdf, page 5 relevance to be the hardest quality dimension to evaluate. In particular, we observed that ChatGPT often struggles with the task of selecting the sen- tences from the context that are crucial, especially for longer contexts. 6 Conclusions We have highlighted the need for automated reference-free evaluation of RAG systems. In par- ticular, we have argued the need for an evaluation framework that can assess faithfulness (i.e. is the answer grounded in the retrieved context), answer relevance (i.e. does the answer address the ques- tion) and context relevance (i.e. is the retrieved context sufficiently focused). To support the devel- opment of such a framework, we have introduced WikiEval, a dataset which human judgements of these three different aspects. Finally, we have also described Ragas, our implementation of the three considered quality aspects. This framework is easy to use and can provide deverlopers of RAG sys- tems with valuable insights, even in the absence of any ground truth. Our evaluation on WikiEval has shown that the predictions from Ragas are closely aligned with human predictions, especially for faithfulness and answer relevance. [Chunk 2] Retrieval-augmented generation - Wikipedia.pdf, page 5 way to mitigate this is to do a traditional text search, add those results to the text chunks linked to the retrieved vectors from the vector search, and feed the combined hybrid text into the language model for generation.[17] RAG does not prevent hallucinations in LLMs. According to Ars Technica, "It is not a direct solution because the LLM can still hallucinate around the source material in its response."[4] While RAG improves the accuracy of large language models (LLMs), it does not eliminate all challenges. One limitation is that while RAG reduces the need for frequent model retraining, it does not remove it entirely. Additionally, LLMs may struggle to recognize when they lack sufficient information to provide a reliable response. Without specific training, models may generate answers even when they should indicate uncertainty. According to IBM, this issue can arise when the model lacks the ability to assess its own knowledge limitations.[1] Hybrid search Challenges [Chunk 3] 2309.15217v2.pdf, page 1 Ragas: Automated Evaluation of Retrieval Augmented Generation Shahul Es†, Jithin James†, Luis Espinosa-Anke∗♢, Steven Schockaert∗ †Exploding Gradients ∗CardiffNLP, Cardiff University, United Kingdom ♢AMPLYFI, United Kingdom shahules786@gmail.com,jamesjithin97@gmail.com {espinosa-ankel,schockaerts1}@cardiff.ac.uk Abstract We introduce Ragas (Retrieval Augmented Generation Assessment), a framework for reference-free evaluation of Retrieval Aug- mented Generation (RAG) pipelines. RAG systems are composed of a retrieval and an LLM based generation module, and provide LLMs with knowledge from a reference textual database, which enables them to act as a natu- ral language layer between a user and textual databases, reducing the risk of hallucinations. Evaluating RAG architectures is, however, chal- lenging because there are several dimensions to consider: the ability of the retrieval system to identify relevant and focused context passages, the ability of the LLM to exploit such passages in a faithful way, or the quality of the genera- tion itself. With Ragas, we put forward a suite of metrics which can be used to evaluate these different dimensions without having to rely on [Chunk 4] 2309.15217v2.pdf, page 2 of retrieval augmented generation systems. We fo- cus on settings where reference answers may not be available, and where we want to estimate different proxies for correctness, in addition to the useful- ness of the retrieved passages. The Ragas frame- work provides an integration with both llama-index and Langchain, the most widely used frameworks for building RAG solutions, thus enabling devel- opers to easily integrate Ragas into their standard workflow. 2 Related Work Estimating faithfulness using LLMs The prob- lem of detecting hallucinations in LLM generated responses has been extensively studied (Ji et al., 2023). Several authors have suggested the idea of predicting factuality using a few-shot prompt- ing strategy (Zhang et al., 2023). Recent analy- ses, however, suggest that existing models struggle with detecting hallucination when using standard prompting strategies (Li et al., 2023; Azaria and Mitchell, 2023). Other approaches rely on linking the generated responses to facts from an external knowledge base (Min et al., 2023), but this is not always possible. Yet another strategy is to inspect the probabili- ties assigned to individual tokens, where we would [Chunk 5] 2309.15217v2.pdf, page 1 closed models (e.g. ChatGPT and GPT-4). Ques- tion answering is another common evaluation task, but usually only datasets with short extractive an- swers are considered, which may not be represen- tative of how the system will be used. To address these issues, in this paper we present Ragas1, a framework for the automated assessment 1Ragas is available at https://github.com/ explodinggradients/ragas. arXiv:2309.15217v2 [cs.CL] 28 Apr 2025 | M14: Pass | N14: Automated run.
A15: 12 | B15: Factual | C15: Doc B | D15: What three RAG quality aspects does the RAGAS paper focus on? | E15: The RAGAS paper focuses on three quality aspects: 1. Faithfulness, 2. Answer Relevance, and 3. Context Relevance. [Source: 2309.15217v2.pdf, page 3] | F15: [Chunk 1] 2309.15217v2.pdf, page 5 relevance to be the hardest quality dimension to evaluate. In particular, we observed that ChatGPT often struggles with the task of selecting the sen- tences from the context that are crucial, especially for longer contexts. 6 Conclusions We have highlighted the need for automated reference-free evaluation of RAG systems. In par- ticular, we have argued the need for an evaluation framework that can assess faithfulness (i.e. is the answer grounded in the retrieved context), answer relevance (i.e. does the answer address the ques- tion) and context relevance (i.e. is the retrieved context sufficiently focused). To support the devel- opment of such a framework, we have introduced WikiEval, a dataset which human judgements of these three different aspects. Finally, we have also described Ragas, our implementation of the three considered quality aspects. This framework is easy to use and can provide deverlopers of RAG sys- tems with valuable insights, even in the absence of any ground truth. Our evaluation on WikiEval has shown that the predictions from Ragas are closely aligned with human predictions, especially for faithfulness and answer relevance. [Chunk 2] 2309.15217v2.pdf, page 3 we usually do not have access to human-annotated datasets or reference answers. We therefore fo- cus on metrics that are fully self-contained and reference-free. We focus in particular three quality aspects, which we argue are of central importance. First, Faithfulness refers to the idea that the an- swer should be grounded in the given context. This is important to avoid hallucinations, and to ensure that the retrieved context can act as a justification for the generated answer. Indeed, RAG systems are often used in applications where the factual con- sistency of the generated text w.r.t. the grounded sources is highly important, e.g. in domains such as law, where information is constantly evolving. Sec- ond, Answer Relevance refers to the idea that the generated answer should address the actual ques- tion that was provided. Finally, Context Relevance refers to the idea that the retrieved context should be focused, containing as little irrelevant informa- tion as possible. This is important given the cost associated with feeding long context passages to LLMs. Moreover, when context passages are too long, LLMs are often less effective in exploiting [Chunk 3] 2309.15217v2.pdf, page 1 Ragas: Automated Evaluation of Retrieval Augmented Generation Shahul Es†, Jithin James†, Luis Espinosa-Anke∗♢, Steven Schockaert∗ †Exploding Gradients ∗CardiffNLP, Cardiff University, United Kingdom ♢AMPLYFI, United Kingdom shahules786@gmail.com,jamesjithin97@gmail.com {espinosa-ankel,schockaerts1}@cardiff.ac.uk Abstract We introduce Ragas (Retrieval Augmented Generation Assessment), a framework for reference-free evaluation of Retrieval Aug- mented Generation (RAG) pipelines. RAG systems are composed of a retrieval and an LLM based generation module, and provide LLMs with knowledge from a reference textual database, which enables them to act as a natu- ral language layer between a user and textual databases, reducing the risk of hallucinations. Evaluating RAG architectures is, however, chal- lenging because there are several dimensions to consider: the ability of the retrieval system to identify relevant and focused context passages, the ability of the LLM to exploit such passages in a faithful way, or the quality of the genera- tion itself. With Ragas, we put forward a suite of metrics which can be used to evaluate these different dimensions without having to rely on [Chunk 4] Retrieval-augmented generation - Wikipedia.pdf, page 5 way to mitigate this is to do a traditional text search, add those results to the text chunks linked to the retrieved vectors from the vector search, and feed the combined hybrid text into the language model for generation.[17] RAG does not prevent hallucinations in LLMs. According to Ars Technica, "It is not a direct solution because the LLM can still hallucinate around the source material in its response."[4] While RAG improves the accuracy of large language models (LLMs), it does not eliminate all challenges. One limitation is that while RAG reduces the need for frequent model retraining, it does not remove it entirely. Additionally, LLMs may struggle to recognize when they lack sufficient information to provide a reliable response. Without specific training, models may generate answers even when they should indicate uncertainty. According to IBM, this issue can arise when the model lacks the ability to assess its own knowledge limitations.[1] Hybrid search Challenges [Chunk 5] Retrieval-augmented generation - Wikipedia.pdf, page 1 documents, or web sources.[1] According to Ars Technica, "RAG is a way of improving LLM performance, in essence by blending the LLM process with a web search or other document look-up process to help LLMs stick to the facts." This method helps reduce AI hallucinations,[3] which have caused chatbots to describe policies that don't exist, or recommend nonexistent legal cases to lawyers that are looking for citations to support their arguments.[4] RAG also reduces the need to retrain LLMs with new data, saving on computational and financial costs.[1] Beyond efficiency gains, RAG also allows LLMs to include sources in their responses, so users can verify the cited sources. This provides greater transparency, as users can cross-check retrieved content to ensure accuracy and relevance. The term retrieval-augmented generation (RAG) was introduced in a 2020 paper that described combining a parametric language model with a non-parametric external memory accessed through retrieval at inference time.[3] LLMs can provide incorrect information. For example, when Google first demonstrated its LLM tool "Google Bard" (later re-branded to Gemini), the LLM provided incorrect information about | M15: Pass | N15: Automated run.
... A53: 50 | B53: Multi-hop | C53: Doc C | D53: How could conflicting information from multiple retrieved sources lead to a misleading final RAG answer? | E53: According to the context provided in [Source: Retrieval-augmented generation - Wikipedia.pdf, page 6], conflicting information from multiple retrieved sources can lead to a misleading final RAG answer because the model may combine details from multiple sources, producing responses that merge outdated and updated information in a misleading manner. This can occur when RAG systems misinterpret the data they retrieve, as stated by the MIT Technology Review [2]. | F53: [Chunk 1] Retrieval-augmented generation - Wikipedia.pdf, page 6 14/06/26, 2:27 PM Retrieval-augmented generation - Wikipedia Page 6 of 7 https://en.wikipedia.org/wiki/Retrieval-augmented_generation RAG systems may retrieve factually correct but misleading sources, leading to errors in interpretation. In some cases, an LLM may extract statements from a source without considering its context, resulting in an incorrect conclusion. Additionally, when faced with conflicting information, RAG models may struggle to determine which source is accurate. The worst case outcome of this limitation is that the model may combine details from multiple sources producing responses that merge outdated and updated information in a misleading manner. According to the MIT Technology Review, these issues occur because RAG systems may misinterpret the data they retrieve.[2] 1. "What is retrieval-augmented generation?" (https://research.ibm.com/blog/retrieval-augment ed-generation-RAG). IBM. 22 August 2023. Retrieved 7 March 2025. 2. "Why Google's AI Overviews gets things wrong" (https://www.technologyreview.com/2024/0 5/31/1093019/why-are-googles-ai-overviews-results-so-bad/). MIT Technology Review. 31 May 2024. Retrieved 7 March 2025. [Chunk 2] 2309.15217v2.pdf, page 3 we usually do not have access to human-annotated datasets or reference answers. We therefore fo- cus on metrics that are fully self-contained and reference-free. We focus in particular three quality aspects, which we argue are of central importance. First, Faithfulness refers to the idea that the an- swer should be grounded in the given context. This is important to avoid hallucinations, and to ensure that the retrieved context can act as a justification for the generated answer. Indeed, RAG systems are often used in applications where the factual con- sistency of the generated text w.r.t. the grounded sources is highly important, e.g. in domains such as law, where information is constantly evolving. Sec- ond, Answer Relevance refers to the idea that the generated answer should address the actual ques- tion that was provided. Finally, Context Relevance refers to the idea that the retrieved context should be focused, containing as little irrelevant informa- tion as possible. This is important given the cost associated with feeding long context passages to LLMs. Moreover, when context passages are too long, LLMs are often less effective in exploiting [Chunk 3] 2309.15217v2.pdf, page 2 as the order in which the answers is presented can influence the result (Wang et al., 2023b). In terms of how ground truth answers or, more generally, generations, have been typically used in the literature, most approaches have relied on the availability of one or more reference answers. For instance, BERTScore (Zhang et al., 2020) and MoverScore (Zhao et al., 2019) use contex- tualised embeddings, produced by a pre-trained BERT model, to compare the similarity between the generated answer and the reference answers. BARTScore (Yuan et al., 2021) similarly uses refer- ence answers to compute aspects such as precision (estimated as the probability of generating the gen- erated answer given the reference) and recall (esti- mated as the probability of generating the reference given the generated answer). 3 Evaluation Strategies We consider a standard RAG setting, where given a question q, the system first retrieves some context c(q) and then uses the retrieved context to generate an answer as(q). When building a RAG system, [Chunk 4] Retrieval-augmented generation - Wikipedia.pdf, page 1 through retrieval at inference time.[3] LLMs can provide incorrect information. For example, when Google first demonstrated its LLM tool "Google Bard" (later re-branded to Gemini), the LLM provided incorrect information about the James Webb Space Telescope. This error contributed to a $100 billion decline in Google's stock value.[4] RAG is used to prevent these errors, but it does not solve all the problems. For example, LLMs can generate misinformation even when pulling from factually correct sources if they misinterpret the context. MIT Technology Review gives the example of an AI-generated response stating, "The United States has had one Muslim president, Barack Hussein Obama." The model retrieved this from the chapter Barack Hussein Obama: America's First Muslim President? within the academic book Faith in the New Millennium: The Future of Religion and American Politics.[5] The LLM did not "know" or "understand" the context of the title, generating a false statement.[2] RAG and LLM limitations [Chunk 5] Retrieval-augmented generation - Wikipedia.pdf, page 1 documents, or web sources.[1] According to Ars Technica, "RAG is a way of improving LLM performance, in essence by blending the LLM process with a web search or other document look-up process to help LLMs stick to the facts." This method helps reduce AI hallucinations,[3] which have caused chatbots to describe policies that don't exist, or recommend nonexistent legal cases to lawyers that are looking for citations to support their arguments.[4] RAG also reduces the need to retrain LLMs with new data, saving on computational and financial costs.[1] Beyond efficiency gains, RAG also allows LLMs to include sources in their responses, so users can verify the cited sources. This provides greater transparency, as users can cross-check retrieved content to ensure accuracy and relevance. The term retrieval-augmented generation (RAG) was introduced in a 2020 paper that described combining a parametric language model with a non-parametric external memory accessed through retrieval at inference time.[3] LLMs can provide incorrect information. For example, when Google first demonstrated its LLM tool "Google Bard" (later re-branded to Gemini), the LLM provided incorrect information about | M53: Pass | N53: Automated run.

Sheet Analysis
A1: Analysis - Auto-Calculated Results
A3: TABLE II - Mean Faithfulness Score by Query Type
A4: Query Type | B4: Cosine Sim (A) | C4: RAGAS (B) | D4: LLM-Judge (C) | E4: A vs C Delta
A5: Factual (Q1-Q20) | B5: =IFERROR(AVERAGEIFS('Query Log'!$G$4:$G$53,'Query Log'!$B$4:$B$53,"Factual"),"") | C5: =IFERROR(AVERAGEIFS('Query Log'!$I$4:$I$53,'Query Log'!$B$4:$B$53,"Factual"),"") | D5: =IFERROR(AVERAGEIFS('Query Log'!$K$4:$K$53,'Query Log'!$B$4:$B$53,"Factual"),"") | E5: =IF(OR(B5="",D5=""),"",B5-D5)
A6: Paraphrased (Q21-Q35) | B6: =IFERROR(AVERAGEIFS('Query Log'!$G$4:$G$53,'Query Log'!$B$4:$B$53,"Paraphrased"),"") | C6: =IFERROR(AVERAGEIFS('Query Log'!$I$4:$I$53,'Query Log'!$B$4:$B$53,"Paraphrased"),"") | D6: =IFERROR(AVERAGEIFS('Query Log'!$K$4:$K$53,'Query Log'!$B$4:$B$53,"Paraphrased"),"") | E6: =IF(OR(B6="",D6=""),"",B6-D6)
A7: Multi-hop (Q36-Q50) | B7: =IFERROR(AVERAGEIFS('Query Log'!$G$4:$G$53,'Query Log'!$B$4:$B$53,"Multi-hop"),"") | C7: =IFERROR(AVERAGEIFS('Query Log'!$I$4:$I$53,'Query Log'!$B$4:$B$53,"Multi-hop"),"") | D7: =IFERROR(AVERAGEIFS('Query Log'!$K$4:$K$53,'Query Log'!$B$4:$B$53,"Multi-hop"),"") | E7: =IF(OR(B7="",D7=""),"",B7-D7)
A8: All queries (Q1-Q50) | B8: =IFERROR(AVERAGE('Query Log'!G4:G53),"") | C8: =IFERROR(AVERAGE('Query Log'!I4:I53),"") | D8: =IFERROR(AVERAGE('Query Log'!K4:K53),"") | E8: =IF(OR(B8="",D8=""),"",B8-D8)
A11: TABLE III - Mean Relevance Score by Query Type
A12: Query Type | B12: Cosine Sim (A) | C12: RAGAS (B) | D12: LLM-Judge (C) | E12: A vs C Delta
A13: Factual (Q1-Q20) | B13: =IFERROR(AVERAGEIFS('Query Log'!$H$4:$H$53,'Query Log'!$B$4:$B$53,"Factual"),"") | C13: =IFERROR(AVERAGEIFS('Query Log'!$J$4:$J$53,'Query Log'!$B$4:$B$53,"Factual"),"") | D13: =IFERROR(AVERAGEIFS('Query Log'!$L$4:$L$53,'Query Log'!$B$4:$B$53,"Factual"),"") | E13: =IF(OR(B13="",D13=""),"",B13-D13)
A14: Paraphrased (Q21-Q35) | B14: =IFERROR(AVERAGEIFS('Query Log'!$H$4:$H$53,'Query Log'!$B$4:$B$53,"Paraphrased"),"") | C14: =IFERROR(AVERAGEIFS('Query Log'!$J$4:$J$53,'Query Log'!$B$4:$B$53,"Paraphrased"),"") | D14: =IFERROR(AVERAGEIFS('Query Log'!$L$4:$L$53,'Query Log'!$B$4:$B$53,"Paraphrased"),"") | E14: =IF(OR(B14="",D14=""),"",B14-D14)
A15: Multi-hop (Q36-Q50) | B15: =IFERROR(AVERAGEIFS('Query Log'!$H$4:$H$53,'Query Log'!$B$4:$B$53,"Multi-hop"),"") | C15: =IFERROR(AVERAGEIFS('Query Log'!$J$4:$J$53,'Query Log'!$B$4:$B$53,"Multi-hop"),"") | D15: =IFERROR(AVERAGEIFS('Query Log'!$L$4:$L$53,'Query Log'!$B$4:$B$53,"Multi-hop"),"") | E15: =IF(OR(B15="",D15=""),"",B15-D15)
A16: All queries (Q1-Q50) | B16: =IFERROR(AVERAGE('Query Log'!H4:H53),"") | C16: =IFERROR(AVERAGE('Query Log'!J4:J53),"") | D16: =IFERROR(AVERAGE('Query Log'!L4:L53),"") | E16: =IF(OR(B16="",D16=""),"",B16-D16)
A20: TABLE IV - Cost per Query Comparison
A21: Method | B21: Unit Cost / Query | C21: Queries | D21: Est. Total Cost | E21: Latency | F21: Notes
A22: A - Cosine Similarity | B22: 0 | C22: 50 | D22: =B22*C22 | E22: <10 ms after local embeddings | F22: Fully local once model is downloaded; no API calls.
A23: B - RAGAS | B23: 0.003 | C23: 50 | D23: =B23*C23 | E23: 1-3 s per item | F23: Edit unit cost if your LLM provider/model differs.
A24: C - LLM-as-Judge | B24: 0.0015 | C24: 50 | D24: =B24*C24 | E24: 1-2 s per item | F24: Single judge prompt per query; edit unit cost if needed.
A28: TABLE V - Failure Mode Tally
A29: Failure Mode | B29: Description | C29: Expected Count | D29: Your Count | E29: % of 50 Queries
A30: Retrieval miss | B30: Relevant chunk not retrieved or wrong document retrieved | C30: 3-6 | D30: =COUNTIF('Query Log'!$N$4:$N$53,A30) | E30: =D30/50
A31: Too vague | B31: Answer is broad and avoids the specific question | C31: 2-5 | D31: =COUNTIF('Query Log'!$N$4:$N$53,A31) | E31: =D31/50
A32: Answer ignored context | B32: Answer appears to rely on model priors instead of retrieved context | C32: 1-4 | D32: =COUNTIF('Query Log'!$N$4:$N$53,A32) | E32: =D32/50
A33: Paraphrase mismatch | B33: Cosine score low despite a semantically correct answer | C33: 3-5 | D33: =COUNTIF('Query Log'!$N$4:$N$53,A33) | E33: =D33/50
A34: Multi-hop divergence | B34: Cosine and LLM-judge disagree on multi-hop answers | C34: 4-7 | D34: =COUNTIF('Query Log'!$N$4:$N$53,A34) | E34: =D34/50
A35: Context drift | B35: Answer relevant to query but weakly grounded in retrieved chunks | C35: 2-4 | D35: =COUNTIF('Query Log'!$N$4:$N$53,A35) | E35: =D35/50
A36: Hallucination missed | B36: Cosine high but answer contains unsupported claims | C36: 1-3 | D36: =COUNTIF('Query Log'!$N$4:$N$53,A36) | E36: =D36/50
A37: No answer | B37: Model says it cannot answer even though context exists | C37: 0-3 | D37: =COUNTIF('Query Log'!$N$4:$N$53,A37) | E37: =D37/50
A38: Other | B38: Other failure tagged manually | C38: 0-3 | D38: =COUNTIF('Query Log'!$N$4:$N$53,A38) | E38: =D38/50
